# ============================================================================
# SUBDOMAIN REDIRECTS - Must come first!
# ============================================================================
# NOTE: Many episode URLs have changed slugs between old and new sites
# Old: /podcast/willkommen-bei-cro-cafe-auf-deutsch
# New: /de/episodes/cro-cafe-jetzt-auch-auf-deutsch/
# 
# Old: /podcast/customer-centricity-ki-im-fashion-e-commerce-mit-christina-skoeries-von-camel-active
# New: /de/episodes/48-customer-centricity-ki-im-fashion-e-commerce-mit-christina-skoeries-von-camel-active/
#
# TODO: Consider implementing a serverless function or edge function to handle
# dynamic slug mapping for better maintainability
# ============================================================================

# ============================================================================
# OLD SLUG REDIRECTS - Map old episode URLs to current slugs
# ============================================================================
# Generated by scripts/generate-old-slug-redirects.js
# These handle cases where the URL slug has changed between old and new site

# DE episode redirects with changed slugs
https://de.cro.cafe/podcast/willkommen-bei-cro-cafe-auf-deutsch  https://cro.cafe/de/episodes/cro-cafe-jetzt-auch-auf-deutsch/  301!
https://de.cro.cafe/podcast/customer-centricity-ki-im-fashion-e-commerce-mit-christina-skoeries-von-camel-active  https://cro.cafe/de/episodes/48-customer-centricity-ki-im-fashion-e-commerce-mit-christina-skoeries-von-camel-active/  301!

# Also handle these on the main domain (in case someone manually changes the subdomain)
/de/podcast/willkommen-bei-cro-cafe-auf-deutsch  /de/episodes/cro-cafe-jetzt-auch-auf-deutsch/  301!
/de/podcast/customer-centricity-ki-im-fashion-e-commerce-mit-christina-skoeries-von-camel-active  /de/episodes/48-customer-centricity-ki-im-fashion-e-commerce-mit-christina-skoeries-von-camel-active/  301!

# About page redirects - all languages redirect to global about page
https://de.cro.cafe/about  https://cro.cafe/about/  301!
https://nl.cro.cafe/about  https://cro.cafe/about/  301!
https://es.cro.cafe/about  https://cro.cafe/about/  301!
https://en.cro.cafe/about  https://cro.cafe/about/  301!
# Handle with trailing slash too
https://de.cro.cafe/about/  https://cro.cafe/about/  301!
https://nl.cro.cafe/about/  https://cro.cafe/about/  301!
https://es.cro.cafe/about/  https://cro.cafe/about/  301!
https://en.cro.cafe/about/  https://cro.cafe/about/  301!

# Legacy URL path rewrites - MUST come before generic redirects
# Main podcast pages (without trailing paths)
https://de.cro.cafe/podcast  https://cro.cafe/de/episodes/  301!
https://nl.cro.cafe/podcast  https://cro.cafe/nl/episodes/  301!
https://es.cro.cafe/podcast  https://cro.cafe/es/episodes/  301!
https://en.cro.cafe/podcast  https://cro.cafe/en/episodes/  301!
https://cro.cafe/podcast  https://cro.cafe/en/episodes/  301!
https://www.cro.cafe/podcast  https://cro.cafe/en/episodes/  301!

# Individual podcast episode redirects
https://de.cro.cafe/podcast/*  https://cro.cafe/de/episodes/:splat  301!
https://nl.cro.cafe/podcast/*  https://cro.cafe/nl/episodes/:splat  301!
https://es.cro.cafe/podcast/*  https://cro.cafe/es/episodes/:splat  301!

# Specific guest redirects - MUST come before generic patterns
# Ricardo Tayar Lopez - redirect to hosts page
https://es.cro.cafe/invitados/ricardo-tayar-lopez  https://cro.cafe/hosts/ricardotayar/  301!
https://www.cro.cafe/guests/ricardo-tayar-lopez/  https://cro.cafe/hosts/ricardotayar/  301!
https://cro.cafe/guests/ricardo-tayar-lopez/  https://cro.cafe/hosts/ricardotayar/  301!
# Also handle without trailing slash
https://www.cro.cafe/guests/ricardo-tayar-lopez  https://cro.cafe/hosts/ricardotayar/  301!
https://cro.cafe/guests/ricardo-tayar-lopez  https://cro.cafe/hosts/ricardotayar/  301!
# Handle other language subdomains that might have this URL
https://de.cro.cafe/guest/ricardo-tayar-lopez  https://cro.cafe/hosts/ricardotayar/  301!
https://de.cro.cafe/gaste/ricardo-tayar-lopez  https://cro.cafe/hosts/ricardotayar/  301!
https://nl.cro.cafe/guest/ricardo-tayar-lopez  https://cro.cafe/hosts/ricardotayar/  301!
https://nl.cro.cafe/gasten/ricardo-tayar-lopez  https://cro.cafe/hosts/ricardotayar/  301!

# Guest URLs - MUST come before generic redirects
# Handle all variations: /guest/, /gaste/, /gasten/, /invitados/
https://de.cro.cafe/guest/*  https://cro.cafe/guests/:splat  301!
https://de.cro.cafe/gaste/*  https://cro.cafe/guests/:splat  301!
https://nl.cro.cafe/guest/*  https://cro.cafe/guests/:splat  301!
https://nl.cro.cafe/gasten/*  https://cro.cafe/guests/:splat  301!
https://es.cro.cafe/guest/*  https://cro.cafe/guests/:splat  301!
https://es.cro.cafe/invitados/*  https://cro.cafe/guests/:splat  301!
# English was on main domain
https://cro.cafe/guest/*  https://cro.cafe/guests/:splat  301!
https://www.cro.cafe/guest/*  https://cro.cafe/guests/:splat  301!
https://en.cro.cafe/guest/*  https://cro.cafe/guests/:splat  301!

# Generic subdomain redirects - come after specific path rewrites
https://nl.cro.cafe/  https://cro.cafe/nl/  301!
https://nl.cro.cafe/* https://cro.cafe/nl/:splat  301!

https://de.cro.cafe/  https://cro.cafe/de/  301!
https://de.cro.cafe/* https://cro.cafe/de/:splat  301!

https://es.cro.cafe/  https://cro.cafe/es/  301!
https://es.cro.cafe/* https://cro.cafe/es/:splat  301!

# ============================================================================
# Prevent language-based redirects for global pages
# These pages should remain in the global section regardless of browser language

# Subscribe page should never redirect based on language
/subscribe/*  /subscribe/:splat  200!
/subscribe    /subscribe/       200!

# Other global pages that should not redirect
/            /                 200!
/search/*    /search/:splat    200!
/search      /search/          200!
/about/*     /about/:splat     200!
/about       /about/           200!
/privacy-policy/*  /privacy-policy/:splat  200!
/privacy-policy    /privacy-policy/        200!

# ============================================================================
# MAIN DOMAIN PATH REWRITES
# ============================================================================
# Handle podcast URLs that might already be on the main domain
# Main podcast pages
/de/podcast  /de/episodes/  301!
/nl/podcast  /nl/episodes/  301!
/es/podcast  /es/episodes/  301!
/en/podcast  /en/episodes/  301!
/podcast  /en/episodes/  301!

# Individual podcast episodes
/de/podcast/*  /de/episodes/:splat  301!
/nl/podcast/*  /nl/episodes/:splat  301!
/es/podcast/*  /es/episodes/:splat  301!
/en/podcast/*  /en/episodes/:splat  301!

# Handle guest URLs on main domain (for all language variations)
/guest/*  /guests/:splat  301!
/gaste/*  /guests/:splat  301!
/gasten/*  /guests/:splat  301!
/invitados/*  /guests/:splat  301!

# ============================================================================
# COMPREHENSIVE OLD SITE REDIRECTS
# ============================================================================
# Generated from old sitemaps and redirect CSV files
# See scripts/process-old-sitemaps.js for regeneration

# DE redirects from old site structure
https://de.cro.cafe/partner  https://cro.cafe/supporter  301!
https://de.cro.cafe/events  https://cro.cafe/about/  301!
https://de.cro.cafe/zakelijk  https://cro.cafe/business  301!
https://de.cro.cafe/livestream  https://cro.cafe/about/  301!
https://de.cro.cafe/guests  https://cro.cafe/all/guests/  301!
https://de.cro.cafe/newsletter  https://cro.cafe/de/subscribe/  301!
https://de.cro.cafe/croppuccino  https://cro.cafe/de/subscribe/  301!
https://de.cro.cafe/cropuccino  https://cro.cafe/de/subscribe/  301!
https://de.cro.cafe/business  https://cro.cafe/about/  301!

# NL redirects from old site structure  
https://nl.cro.cafe/gasten  https://cro.cafe/all/guests/  301!
https://nl.cro.cafe/events  https://cro.cafe/about/  301!
https://nl.cro.cafe/zakelijk  https://cro.cafe/business  301!
https://nl.cro.cafe/business  https://cro.cafe/about/  301!
https://nl.cro.cafe/nieuwsbrief  https://cro.cafe/nl/subscribe/  301!
https://nl.cro.cafe/newsletter  https://cro.cafe/nl/subscribe/  301!
https://nl.cro.cafe/croppuccino  https://cro.cafe/nl/subscribe/  301!

# ES redirects from old site structure
https://es.cro.cafe/invitados  https://cro.cafe/all/guests/  301!
https://es.cro.cafe/eventos  https://cro.cafe/about/  301!
https://es.cro.cafe/newsletter  https://cro.cafe/es/subscribe/  301!
https://es.cro.cafe/suscribirse  https://cro.cafe/es/subscribe/  301!

# EN redirects from old site structure
https://en.cro.cafe/guests  https://cro.cafe/all/guests/  301!
https://en.cro.cafe/events  https://cro.cafe/about/  301!
https://en.cro.cafe/business  https://cro.cafe/about/  301!
https://en.cro.cafe/newsletter  https://cro.cafe/en/subscribe/  301!
https://en.cro.cafe/croppuccino  https://cro.cafe/en/subscribe/  301!

# Allow normal behavior for all other pages
/*           /:splat           200